Rating text,Aggregate rating
Average,3.0516189456783516
Excellent,4.659800664451827
Good,3.6834285714285713
Not rated,0.0
Poor,2.2978494623655914
Very Good,4.168118628359592
